Titre de la section,Contenu,Nom du professeur,Titre du cours,Titre de la vid√©o,Dur√©e du cours,Description du professeur,Description du professeur,Source
Codez un site web accessible avec HTML & CSS,"Ce cours est visiblegratuitement en ligne. course.header.alt.is_video course.header.alt.is_certifying Mis √† jour le 01/08/2023  Bonjour et bienvenue dans ce cours sur l‚Äôaccessibilit√© sur le Web pour les d√©veloppeurs. üôÇ Je m‚Äôappelle Thomas Dimnet, je suis le CTO de SensCritique, et mentor chez OpenClassrooms. Ce cours a pourobjectifde vous aider √†int√©grer une d√©marche d'accessibilit√© lors de vos d√©veloppements web. Nous verrons notamment dans ce cours : les bonnes pratiques d‚Äôaccessibilit√© √† adopterquand vous d√©veloppez votre page web ; les attributs ARIAqui vous aideront dans votre d√©marche d‚Äôaccessibilit√© ; comment rendre accessibles les interactions, comme compl√©ter un formulaire ou ouvrir une modale. Pour bien saisir l‚Äôensemble de ce cours et appliquer les concepts dont nous allons parler, il vous est n√©cessaire d‚Äô√™tre familier : avec le concept d‚Äôaccessibilit√©, de conna√Ætre ce qu‚Äôest ARIA. Si ce n‚Äôest pas le cas, commencez par suivre le coursConcevez un contenu web accessible, avant de revenir sur ce cours ; le HTML et le CSS. En effet, ce cours va tirer parti de ces deux langages, notamment de nombreux attributs HTML, pour construire un site accessible. La connaissance du JavaScript n‚Äôest pas n√©cessaire pour suivre et comprendre ce cours. Chaque concept li√© au JavaScript sera expliqu√© en d√©tail dans des encarts info comme celui-ci. üôÇ Ce cours couvre de nombreux aspects de la programmation de site web prenant en compte les contraintes d‚Äôaccessibilit√©. Selon votre profil, votre objectif, vous aurez plusieurs mani√®res possibles de suivre ce cours : Si vous travaillez sur ungros projet de d√©veloppement webet avez besoin de comp√©tences sur l‚Äôensemble de la programmation accessible, vous pouvez suivre le cours entier : lire le texte et faire les quiz pour v√©rifier vos connaissances. Dans ce cas, je vous conseille vivement d‚Äôappliquer en parall√®le, gr√¢ce aux exemples donn√©s √† la fin de chaque chapitre. Si vous ne travaillez que surune partie sp√©cifique de la programmation web, un √©l√©ment particulier d‚Äôune page, je vous invite √† passer directement au chapitre en question. Si, enfin,vous vous int√©ressez √† l‚Äôaccessibilit√© weben g√©n√©ral, sans n√©cessairement vouloir appliquer, en ce cas vous pouvez passer le cours en revu, lire les r√©sum√©s de chapitres et¬†ne rentrer dans le d√©tail des textes que quand le sujet vous int√©resse particuli√®rement. Dans ce cours, vous allez d√©couvrir les techniques qui vont vous permettre de coder des sites web accessibles √† tous ! Quand on pense √† l‚Äôaccessibilit√©, on pense souvent aux personnes ayant destroubles visuels. Mais le principe m√™me del‚Äôaccessibilit√© est de rendre un site ou une application web utilisable par le plus grand nombre. Autrement dit, vous vous adressez √† un public qui peut avoir : desd√©ficiences visuelles(aveugles, daltoniens, personnes ayant des glaucomes, etc.) ; desd√©ficiences de motricit√©(pour des personnes ayant subi un AVC, par exemple) ; une connaissance limit√©e devotre¬†langue(publics √©trangers). Par exemple, admettons que votre site dispose de vid√©os. Le fait de les sous-titrer va les rendre accessibles aux personnes ayant des probl√®mes auditifs. Mais cela va aussi permettre aux personnes n‚Äôayant pas de son sur leur ordinateur, ou √† ceux ne parlant pas votre langue, de les comprendre. Faire un site web accessible, c‚Äôest donc cr√©er un site utilisable et compr√©hensible pour le plus grand nombre de personnes. Vous trouverez dans ce cours : du textevous permettant : depr√©senter les notionsen d√©tail et donner des conseils, de donner desexemplesdes concepts que je pr√©sente, departager des liensvers des ressources compl√©mentaires, telles que des articles de blog ; des quizvous permettant de valider les connaissances acquises durant le cours ; et, enfin,un projet ‚ÄúTonight in Gotham‚Äù qui nous servira de cas d‚Äôapplicationtout au long des chapitres. √Ä chaque fin de chapitre, vous trouverez un cas pratique d'application des concepts √† ce projet. Comme toujours avec les cours OpenClassrooms, il est important de pratiquer tout au long de ce cours. Je vous invite donc √† essayer d‚Äôappliquer le plus possible les concepts. Vous pouvez, par exemple, le faire : via vos projets OpenClassrooms si vous suivez un parcours chez nous ; via un projet personnel (c‚Äôest souvent le bon moment de tester une nouvelle technologie ou un nouveau concept et de le faire progressivement) ; via votre travail (si vous √™tes d√©j√† d√©veloppeur), en en parlant √† vos coll√®gues et/ou en essayant de l‚Äôint√©grer √† votre entreprise. En plus des snippets de code et des exemples d‚Äôapplicationque vous allez pouvoir voir durant ce cours,nous allons travailler sur un projet. Ce projet va √™tre lefil rouge de notre cours. Pour chaque chapitre de chaque partie,le cours se divisera g√©n√©ralement en deux grandes sections: une ou plusieurs sectionsnotions + exemples, o√π je vous expliquerai les concepts et o√π je vous donnerai des exemples d‚Äôapplication ; une derni√®re section o√π nous int√©grerons ensemble la maquette d‚Äôune landing page au fil des chapitres. Vous pouvez d√®s √† pr√©sent t√©l√©charger les sources du projet cr√©√© que nous allons impl√©mentersur ce projet Figma. Vous pouvez trouver le code source de cette application sur cerepository GitHub. √Ä chaque fin de chapitre, vous trouverez un lien GitHub qui vous permettra de voir l‚Äô√©tat du code une fois les √©tapes du chapitre impl√©ment√©es. Vous n‚Äôavez pas besoin de ma√Ætriser Git et GitHub pour r√©aliser ce cours. N√©anmoins, √™tre familier avec le versioning, et notamment avec le concept de branche, va vous permettre de vous rep√©rer plus facilement dans les modifications effectu√©es entre chaque chapitre. Pour en savoir plus sur l‚Äôutilisation de Git et GitHub, je vous invite √† suivre le coursG√©rez du code avec Git et GitHub. Pour que vous puissiez mettre en pratique ce que nous allons voir dans ce cours, nous allons travailler sur un projet de cr√©ation d‚Äôune page de blog. Notre projet va donc porter sur Batman ! Vous pouvez voir sur la maquette ci-dessus qu‚Äôil est compos√© : d‚Äôun header avec un menu de navigation, une barre de recherche et un menu d√©roulant ; du corps principal avec le corps du texte, ainsi que d‚Äôune image ; d‚Äôun footer comprenant un second menu de navigation et des liens vers les r√©seaux sociaux. Ce cours inclut des textes, un projet fil rouge r√©alis√© sous forme de screencast ainsi que des quizzes. Le projet de landing page vu tout au long du cours va vous permettre de mettre en pratique les √©l√©ments cl√©s vus durant le cours. Vous devez avoir un peu pratiqu√© le HTML/CSS pour saisir l‚Äôensemble du cours. Nous allons maintenant voir comment cr√©er un squelette de page accessible, en utilisant la s√©mantique et les attributs ARIA. Le t√©l√©chargement des vid√©os de nos cours est accessible pour les membres Premium. Vous pouvez toutefois les visionner en streaming gratuitement. Le t√©l√©chargement des vid√©os de nos cours est accessible pour les membres Premium. Vous pouvez toutefois les visionner en streaming gratuitement. Si vous aimez mes cours, vous aimerez : beta.nx.academy Inclusive designer and digital accessibility specialist from Toronto, Canada.",Thomas Dimnet,Codez un site web accessible avec HTML & CSS,"
                            Tirez le maximum de ce cours - Codez un site web accessible avec HTML & CSS - OpenClassrooms
                    ",6 heures,"Si vous aimez mes cours, vous aimerez : beta.nx.academy","Si vous aimez mes cours, vous aimerez : beta.nx.academy",https://vimeo.com/472965194/
Tirez le maximum de ce cours,"Bonjour et bienvenue dans ce cours sur l‚Äôaccessibilit√© sur le Web pour les d√©veloppeurs. üôÇ Je m‚Äôappelle Thomas Dimnet, je suis le CTO de SensCritique, et mentor chez OpenClassrooms. Ce cours a pourobjectifde vous aider √†int√©grer une d√©marche d'accessibilit√© lors de vos d√©veloppements web. Nous verrons notamment dans ce cours : les bonnes pratiques d‚Äôaccessibilit√© √† adopterquand vous d√©veloppez votre page web ; les attributs ARIAqui vous aideront dans votre d√©marche d‚Äôaccessibilit√© ; comment rendre accessibles les interactions, comme compl√©ter un formulaire ou ouvrir une modale. Pour bien saisir l‚Äôensemble de ce cours et appliquer les concepts dont nous allons parler, il vous est n√©cessaire d‚Äô√™tre familier : avec le concept d‚Äôaccessibilit√©, de conna√Ætre ce qu‚Äôest ARIA. Si ce n‚Äôest pas le cas, commencez par suivre le coursConcevez un contenu web accessible, avant de revenir sur ce cours ; le HTML et le CSS. En effet, ce cours va tirer parti de ces deux langages, notamment de nombreux attributs HTML, pour construire un site accessible. La connaissance du JavaScript n‚Äôest pas n√©cessaire pour suivre et comprendre ce cours. Chaque concept li√© au JavaScript sera expliqu√© en d√©tail dans des encarts info comme celui-ci. üôÇ Ce cours couvre de nombreux aspects de la programmation de site web prenant en compte les contraintes d‚Äôaccessibilit√©. Selon votre profil, votre objectif, vous aurez plusieurs mani√®res possibles de suivre ce cours : Si vous travaillez sur ungros projet de d√©veloppement webet avez besoin de comp√©tences sur l‚Äôensemble de la programmation accessible, vous pouvez suivre le cours entier : lire le texte et faire les quiz pour v√©rifier vos connaissances. Dans ce cas, je vous conseille vivement d‚Äôappliquer en parall√®le, gr√¢ce aux exemples donn√©s √† la fin de chaque chapitre. Si vous ne travaillez que surune partie sp√©cifique de la programmation web, un √©l√©ment particulier d‚Äôune page, je vous invite √† passer directement au chapitre en question. Si, enfin,vous vous int√©ressez √† l‚Äôaccessibilit√© weben g√©n√©ral, sans n√©cessairement vouloir appliquer, en ce cas vous pouvez passer le cours en revu, lire les r√©sum√©s de chapitres et¬†ne rentrer dans le d√©tail des textes que quand le sujet vous int√©resse particuli√®rement. Dans ce cours, vous allez d√©couvrir les techniques qui vont vous permettre de coder des sites web accessibles √† tous ! Quand on pense √† l‚Äôaccessibilit√©, on pense souvent aux personnes ayant destroubles visuels. Mais le principe m√™me del‚Äôaccessibilit√© est de rendre un site ou une application web utilisable par le plus grand nombre. Autrement dit, vous vous adressez √† un public qui peut avoir : desd√©ficiences visuelles(aveugles, daltoniens, personnes ayant des glaucomes, etc.) ; desd√©ficiences de motricit√©(pour des personnes ayant subi un AVC, par exemple) ; une connaissance limit√©e devotre¬†langue(publics √©trangers). Par exemple, admettons que votre site dispose de vid√©os. Le fait de les sous-titrer va les rendre accessibles aux personnes ayant des probl√®mes auditifs. Mais cela va aussi permettre aux personnes n‚Äôayant pas de son sur leur ordinateur, ou √† ceux ne parlant pas votre langue, de les comprendre. Faire un site web accessible, c‚Äôest donc cr√©er un site utilisable et compr√©hensible pour le plus grand nombre de personnes. Vous trouverez dans ce cours : du textevous permettant : depr√©senter les notionsen d√©tail et donner des conseils, de donner desexemplesdes concepts que je pr√©sente, departager des liensvers des ressources compl√©mentaires, telles que des articles de blog ; des quizvous permettant de valider les connaissances acquises durant le cours ; et, enfin,un projet ‚ÄúTonight in Gotham‚Äù qui nous servira de cas d‚Äôapplicationtout au long des chapitres. √Ä chaque fin de chapitre, vous trouverez un cas pratique d'application des concepts √† ce projet. Comme toujours avec les cours OpenClassrooms, il est important de pratiquer tout au long de ce cours. Je vous invite donc √† essayer d‚Äôappliquer le plus possible les concepts. Vous pouvez, par exemple, le faire : via vos projets OpenClassrooms si vous suivez un parcours chez nous ; via un projet personnel (c‚Äôest souvent le bon moment de tester une nouvelle technologie ou un nouveau concept et de le faire progressivement) ; via votre travail (si vous √™tes d√©j√† d√©veloppeur), en en parlant √† vos coll√®gues et/ou en essayant de l‚Äôint√©grer √† votre entreprise. En plus des snippets de code et des exemples d‚Äôapplicationque vous allez pouvoir voir durant ce cours,nous allons travailler sur un projet. Ce projet va √™tre lefil rouge de notre cours. Pour chaque chapitre de chaque partie,le cours se divisera g√©n√©ralement en deux grandes sections: une ou plusieurs sectionsnotions + exemples, o√π je vous expliquerai les concepts et o√π je vous donnerai des exemples d‚Äôapplication ; une derni√®re section o√π nous int√©grerons ensemble la maquette d‚Äôune landing page au fil des chapitres. Vous pouvez d√®s √† pr√©sent t√©l√©charger les sources du projet cr√©√© que nous allons impl√©mentersur ce projet Figma. Vous pouvez trouver le code source de cette application sur cerepository GitHub. √Ä chaque fin de chapitre, vous trouverez un lien GitHub qui vous permettra de voir l‚Äô√©tat du code une fois les √©tapes du chapitre impl√©ment√©es. Vous n‚Äôavez pas besoin de ma√Ætriser Git et GitHub pour r√©aliser ce cours. N√©anmoins, √™tre familier avec le versioning, et notamment avec le concept de branche, va vous permettre de vous rep√©rer plus facilement dans les modifications effectu√©es entre chaque chapitre. Pour en savoir plus sur l‚Äôutilisation de Git et GitHub, je vous invite √† suivre le coursG√©rez du code avec Git et GitHub. Pour que vous puissiez mettre en pratique ce que nous allons voir dans ce cours, nous allons travailler sur un projet de cr√©ation d‚Äôune page de blog. Notre projet va donc porter sur Batman ! Vous pouvez voir sur la maquette ci-dessus qu‚Äôil est compos√© : d‚Äôun header avec un menu de navigation, une barre de recherche et un menu d√©roulant ; du corps principal avec le corps du texte, ainsi que d‚Äôune image ; d‚Äôun footer comprenant un second menu de navigation et des liens vers les r√©seaux sociaux. Ce cours inclut des textes, un projet fil rouge r√©alis√© sous forme de screencast ainsi que des quizzes. Le projet de landing page vu tout au long du cours va vous permettre de mettre en pratique les √©l√©ments cl√©s vus durant le cours. Vous devez avoir un peu pratiqu√© le HTML/CSS pour saisir l‚Äôensemble du cours. Nous allons maintenant voir comment cr√©er un squelette de page accessible, en utilisant la s√©mantique et les attributs ARIA. Le t√©l√©chargement des vid√©os de nos cours est accessible pour les membres Premium. Vous pouvez toutefois les visionner en streaming gratuitement. Le t√©l√©chargement des vid√©os de nos cours est accessible pour les membres Premium. Vous pouvez toutefois les visionner en streaming gratuitement. Si vous aimez mes cours, vous aimerez : beta.nx.academy Inclusive designer and digital accessibility specialist from Toronto, Canada.",Lisa Liskovoi,Codez un site web accessible avec HTML & CSS,"
                            Cr√©ez le squelette de votre page web - Codez un site web accessible avec HTML & CSS - OpenClassrooms
                    ",6 heures,"Inclusive designer and digital accessibility specialist from Toronto, Canada.","Inclusive designer and digital accessibility specialist from Toronto, Canada.",https://vimeo.com/472965212/
Comment suivre ce cours ?,"Ce cours couvre de nombreux aspects de la programmation de site web prenant en compte les contraintes d‚Äôaccessibilit√©. Selon votre profil, votre objectif, vous aurez plusieurs mani√®res possibles de suivre ce cours : Si vous travaillez sur ungros projet de d√©veloppement webet avez besoin de comp√©tences sur l‚Äôensemble de la programmation accessible, vous pouvez suivre le cours entier : lire le texte et faire les quiz pour v√©rifier vos connaissances. Dans ce cas, je vous conseille vivement d‚Äôappliquer en parall√®le, gr√¢ce aux exemples donn√©s √† la fin de chaque chapitre. Si vous ne travaillez que surune partie sp√©cifique de la programmation web, un √©l√©ment particulier d‚Äôune page, je vous invite √† passer directement au chapitre en question. Si, enfin,vous vous int√©ressez √† l‚Äôaccessibilit√© weben g√©n√©ral, sans n√©cessairement vouloir appliquer, en ce cas vous pouvez passer le cours en revu, lire les r√©sum√©s de chapitres et¬†ne rentrer dans le d√©tail des textes que quand le sujet vous int√©resse particuli√®rement. Dans ce cours, vous allez d√©couvrir les techniques qui vont vous permettre de coder des sites web accessibles √† tous ! Quand on pense √† l‚Äôaccessibilit√©, on pense souvent aux personnes ayant destroubles visuels. Mais le principe m√™me del‚Äôaccessibilit√© est de rendre un site ou une application web utilisable par le plus grand nombre. Autrement dit, vous vous adressez √† un public qui peut avoir : desd√©ficiences visuelles(aveugles, daltoniens, personnes ayant des glaucomes, etc.) ; desd√©ficiences de motricit√©(pour des personnes ayant subi un AVC, par exemple) ; une connaissance limit√©e devotre¬†langue(publics √©trangers). Par exemple, admettons que votre site dispose de vid√©os. Le fait de les sous-titrer va les rendre accessibles aux personnes ayant des probl√®mes auditifs. Mais cela va aussi permettre aux personnes n‚Äôayant pas de son sur leur ordinateur, ou √† ceux ne parlant pas votre langue, de les comprendre. Faire un site web accessible, c‚Äôest donc cr√©er un site utilisable et compr√©hensible pour le plus grand nombre de personnes. Vous trouverez dans ce cours : du textevous permettant : depr√©senter les notionsen d√©tail et donner des conseils, de donner desexemplesdes concepts que je pr√©sente, departager des liensvers des ressources compl√©mentaires, telles que des articles de blog ; des quizvous permettant de valider les connaissances acquises durant le cours ; et, enfin,un projet ‚ÄúTonight in Gotham‚Äù qui nous servira de cas d‚Äôapplicationtout au long des chapitres. √Ä chaque fin de chapitre, vous trouverez un cas pratique d'application des concepts √† ce projet. Comme toujours avec les cours OpenClassrooms, il est important de pratiquer tout au long de ce cours. Je vous invite donc √† essayer d‚Äôappliquer le plus possible les concepts. Vous pouvez, par exemple, le faire : via vos projets OpenClassrooms si vous suivez un parcours chez nous ; via un projet personnel (c‚Äôest souvent le bon moment de tester une nouvelle technologie ou un nouveau concept et de le faire progressivement) ; via votre travail (si vous √™tes d√©j√† d√©veloppeur), en en parlant √† vos coll√®gues et/ou en essayant de l‚Äôint√©grer √† votre entreprise. En plus des snippets de code et des exemples d‚Äôapplicationque vous allez pouvoir voir durant ce cours,nous allons travailler sur un projet. Ce projet va √™tre lefil rouge de notre cours. Pour chaque chapitre de chaque partie,le cours se divisera g√©n√©ralement en deux grandes sections: une ou plusieurs sectionsnotions + exemples, o√π je vous expliquerai les concepts et o√π je vous donnerai des exemples d‚Äôapplication ; une derni√®re section o√π nous int√©grerons ensemble la maquette d‚Äôune landing page au fil des chapitres. Vous pouvez d√®s √† pr√©sent t√©l√©charger les sources du projet cr√©√© que nous allons impl√©mentersur ce projet Figma. Vous pouvez trouver le code source de cette application sur cerepository GitHub. √Ä chaque fin de chapitre, vous trouverez un lien GitHub qui vous permettra de voir l‚Äô√©tat du code une fois les √©tapes du chapitre impl√©ment√©es. Vous n‚Äôavez pas besoin de ma√Ætriser Git et GitHub pour r√©aliser ce cours. N√©anmoins, √™tre familier avec le versioning, et notamment avec le concept de branche, va vous permettre de vous rep√©rer plus facilement dans les modifications effectu√©es entre chaque chapitre. Pour en savoir plus sur l‚Äôutilisation de Git et GitHub, je vous invite √† suivre le coursG√©rez du code avec Git et GitHub. Pour que vous puissiez mettre en pratique ce que nous allons voir dans ce cours, nous allons travailler sur un projet de cr√©ation d‚Äôune page de blog. Notre projet va donc porter sur Batman ! Vous pouvez voir sur la maquette ci-dessus qu‚Äôil est compos√© : d‚Äôun header avec un menu de navigation, une barre de recherche et un menu d√©roulant ; du corps principal avec le corps du texte, ainsi que d‚Äôune image ; d‚Äôun footer comprenant un second menu de navigation et des liens vers les r√©seaux sociaux. Ce cours inclut des textes, un projet fil rouge r√©alis√© sous forme de screencast ainsi que des quizzes. Le projet de landing page vu tout au long du cours va vous permettre de mettre en pratique les √©l√©ments cl√©s vus durant le cours. Vous devez avoir un peu pratiqu√© le HTML/CSS pour saisir l‚Äôensemble du cours. Nous allons maintenant voir comment cr√©er un squelette de page accessible, en utilisant la s√©mantique et les attributs ARIA. Le t√©l√©chargement des vid√©os de nos cours est accessible pour les membres Premium. Vous pouvez toutefois les visionner en streaming gratuitement. Le t√©l√©chargement des vid√©os de nos cours est accessible pour les membres Premium. Vous pouvez toutefois les visionner en streaming gratuitement. Si vous aimez mes cours, vous aimerez : beta.nx.academy Inclusive designer and digital accessibility specialist from Toronto, Canada.",Lisa Liskovoi,Codez un site web accessible avec HTML & CSS,,6 heures,"Inclusive designer and digital accessibility specialist from Toronto, Canada.","Inclusive designer and digital accessibility specialist from Toronto, Canada.",
Familiarisez-vous avec le contenu du cours,"Dans ce cours, vous allez d√©couvrir les techniques qui vont vous permettre de coder des sites web accessibles √† tous ! Quand on pense √† l‚Äôaccessibilit√©, on pense souvent aux personnes ayant destroubles visuels. Mais le principe m√™me del‚Äôaccessibilit√© est de rendre un site ou une application web utilisable par le plus grand nombre. Autrement dit, vous vous adressez √† un public qui peut avoir : desd√©ficiences visuelles(aveugles, daltoniens, personnes ayant des glaucomes, etc.) ; desd√©ficiences de motricit√©(pour des personnes ayant subi un AVC, par exemple) ; une connaissance limit√©e devotre¬†langue(publics √©trangers). Par exemple, admettons que votre site dispose de vid√©os. Le fait de les sous-titrer va les rendre accessibles aux personnes ayant des probl√®mes auditifs. Mais cela va aussi permettre aux personnes n‚Äôayant pas de son sur leur ordinateur, ou √† ceux ne parlant pas votre langue, de les comprendre. Faire un site web accessible, c‚Äôest donc cr√©er un site utilisable et compr√©hensible pour le plus grand nombre de personnes. Vous trouverez dans ce cours : du textevous permettant : depr√©senter les notionsen d√©tail et donner des conseils, de donner desexemplesdes concepts que je pr√©sente, departager des liensvers des ressources compl√©mentaires, telles que des articles de blog ; des quizvous permettant de valider les connaissances acquises durant le cours ; et, enfin,un projet ‚ÄúTonight in Gotham‚Äù qui nous servira de cas d‚Äôapplicationtout au long des chapitres. √Ä chaque fin de chapitre, vous trouverez un cas pratique d'application des concepts √† ce projet. Comme toujours avec les cours OpenClassrooms, il est important de pratiquer tout au long de ce cours. Je vous invite donc √† essayer d‚Äôappliquer le plus possible les concepts. Vous pouvez, par exemple, le faire : via vos projets OpenClassrooms si vous suivez un parcours chez nous ; via un projet personnel (c‚Äôest souvent le bon moment de tester une nouvelle technologie ou un nouveau concept et de le faire progressivement) ; via votre travail (si vous √™tes d√©j√† d√©veloppeur), en en parlant √† vos coll√®gues et/ou en essayant de l‚Äôint√©grer √† votre entreprise. En plus des snippets de code et des exemples d‚Äôapplicationque vous allez pouvoir voir durant ce cours,nous allons travailler sur un projet. Ce projet va √™tre lefil rouge de notre cours. Pour chaque chapitre de chaque partie,le cours se divisera g√©n√©ralement en deux grandes sections: une ou plusieurs sectionsnotions + exemples, o√π je vous expliquerai les concepts et o√π je vous donnerai des exemples d‚Äôapplication ; une derni√®re section o√π nous int√©grerons ensemble la maquette d‚Äôune landing page au fil des chapitres. Vous pouvez d√®s √† pr√©sent t√©l√©charger les sources du projet cr√©√© que nous allons impl√©mentersur ce projet Figma. Vous pouvez trouver le code source de cette application sur cerepository GitHub. √Ä chaque fin de chapitre, vous trouverez un lien GitHub qui vous permettra de voir l‚Äô√©tat du code une fois les √©tapes du chapitre impl√©ment√©es. Vous n‚Äôavez pas besoin de ma√Ætriser Git et GitHub pour r√©aliser ce cours. N√©anmoins, √™tre familier avec le versioning, et notamment avec le concept de branche, va vous permettre de vous rep√©rer plus facilement dans les modifications effectu√©es entre chaque chapitre. Pour en savoir plus sur l‚Äôutilisation de Git et GitHub, je vous invite √† suivre le coursG√©rez du code avec Git et GitHub. Pour que vous puissiez mettre en pratique ce que nous allons voir dans ce cours, nous allons travailler sur un projet de cr√©ation d‚Äôune page de blog. Notre projet va donc porter sur Batman ! Vous pouvez voir sur la maquette ci-dessus qu‚Äôil est compos√© : d‚Äôun header avec un menu de navigation, une barre de recherche et un menu d√©roulant ; du corps principal avec le corps du texte, ainsi que d‚Äôune image ; d‚Äôun footer comprenant un second menu de navigation et des liens vers les r√©seaux sociaux. Ce cours inclut des textes, un projet fil rouge r√©alis√© sous forme de screencast ainsi que des quizzes. Le projet de landing page vu tout au long du cours va vous permettre de mettre en pratique les √©l√©ments cl√©s vus durant le cours. Vous devez avoir un peu pratiqu√© le HTML/CSS pour saisir l‚Äôensemble du cours. Nous allons maintenant voir comment cr√©er un squelette de page accessible, en utilisant la s√©mantique et les attributs ARIA. Le t√©l√©chargement des vid√©os de nos cours est accessible pour les membres Premium. Vous pouvez toutefois les visionner en streaming gratuitement. Le t√©l√©chargement des vid√©os de nos cours est accessible pour les membres Premium. Vous pouvez toutefois les visionner en streaming gratuitement. Si vous aimez mes cours, vous aimerez : beta.nx.academy Inclusive designer and digital accessibility specialist from Toronto, Canada.",Lisa Liskovoi,Codez un site web accessible avec HTML & CSS,,6 heures,"Inclusive designer and digital accessibility specialist from Toronto, Canada.","Inclusive designer and digital accessibility specialist from Toronto, Canada.",
Appliquez les concepts cl√©s gr√¢ce au projet fil rouge,"En plus des snippets de code et des exemples d‚Äôapplicationque vous allez pouvoir voir durant ce cours,nous allons travailler sur un projet. Ce projet va √™tre lefil rouge de notre cours. Pour chaque chapitre de chaque partie,le cours se divisera g√©n√©ralement en deux grandes sections: une ou plusieurs sectionsnotions + exemples, o√π je vous expliquerai les concepts et o√π je vous donnerai des exemples d‚Äôapplication ; une derni√®re section o√π nous int√©grerons ensemble la maquette d‚Äôune landing page au fil des chapitres. Vous pouvez d√®s √† pr√©sent t√©l√©charger les sources du projet cr√©√© que nous allons impl√©mentersur ce projet Figma. Vous pouvez trouver le code source de cette application sur cerepository GitHub. √Ä chaque fin de chapitre, vous trouverez un lien GitHub qui vous permettra de voir l‚Äô√©tat du code une fois les √©tapes du chapitre impl√©ment√©es. Vous n‚Äôavez pas besoin de ma√Ætriser Git et GitHub pour r√©aliser ce cours. N√©anmoins, √™tre familier avec le versioning, et notamment avec le concept de branche, va vous permettre de vous rep√©rer plus facilement dans les modifications effectu√©es entre chaque chapitre. Pour en savoir plus sur l‚Äôutilisation de Git et GitHub, je vous invite √† suivre le coursG√©rez du code avec Git et GitHub. Pour que vous puissiez mettre en pratique ce que nous allons voir dans ce cours, nous allons travailler sur un projet de cr√©ation d‚Äôune page de blog. Notre projet va donc porter sur Batman ! Vous pouvez voir sur la maquette ci-dessus qu‚Äôil est compos√© : d‚Äôun header avec un menu de navigation, une barre de recherche et un menu d√©roulant ; du corps principal avec le corps du texte, ainsi que d‚Äôune image ; d‚Äôun footer comprenant un second menu de navigation et des liens vers les r√©seaux sociaux. Ce cours inclut des textes, un projet fil rouge r√©alis√© sous forme de screencast ainsi que des quizzes. Le projet de landing page vu tout au long du cours va vous permettre de mettre en pratique les √©l√©ments cl√©s vus durant le cours. Vous devez avoir un peu pratiqu√© le HTML/CSS pour saisir l‚Äôensemble du cours. Nous allons maintenant voir comment cr√©er un squelette de page accessible, en utilisant la s√©mantique et les attributs ARIA. Le t√©l√©chargement des vid√©os de nos cours est accessible pour les membres Premium. Vous pouvez toutefois les visionner en streaming gratuitement. Le t√©l√©chargement des vid√©os de nos cours est accessible pour les membres Premium. Vous pouvez toutefois les visionner en streaming gratuitement. Si vous aimez mes cours, vous aimerez : beta.nx.academy Inclusive designer and digital accessibility specialist from Toronto, Canada.",Lisa Liskovoi,Codez un site web accessible avec HTML & CSS,,6 heures,"Inclusive designer and digital accessibility specialist from Toronto, Canada.","Inclusive designer and digital accessibility specialist from Toronto, Canada.",
